<keymap version="1" name="Default copy" parent="Mac OS X 10.5+">
  <action id="ChangesView.Diff" />
  <action id="CompareTwoFiles" />
  <action id="Console.TableResult.CloneRow" />
  <action id="Console.TableResult.Reload" />
  <action id="DatabaseView.CopyAction" />
  <action id="Diff.ShowDiff" />
  <action id="EditorDuplicate" />
  <action id="FileChooser.GotoDesktop" />
  <action id="Refresh" />
  <action id="Replace" />
  <action id="Rerun" />
  <action id="Run">
    <keyboard-shortcut first-keystroke="meta r" />
  </action>
  <action id="RunClass">
    <keyboard-shortcut first-keystroke="meta t" />
  </action>
  <action id="RunDashboard.CopyConfiguration" />
  <action id="SelectNextOccurrence">
    <keyboard-shortcut first-keystroke="meta d" />
  </action>
  <action id="SendEOF" />
  <action id="Vcs.Log.Refresh" />
  <action id="Vcs.UpdateProject" />
  <action id="XDebugger.CopyWatch" />
  <action id="hg4idea.QRefresh" />
  <action id="openAssertEqualsDiff" />
</keymap>